domain,total_knowledge_vectors,total_application_vectors,avg_knowledge_relevance,avg_application_relevance,avg_combined_relevance,max_knowledge_relevance,max_application_relevance,retrieval_consistency,queries_evaluated
Legal,50,220,0.5352008344,0.3992322563333333,0.4672165453666667,0.620750368,0.540006638,0.06642947092625492,5
Math,62,800,0.3705650189333333,0.5386066716666666,0.4545858452999999,0.540948927,0.658899367,0.11318766987070024,5
